[
{ "Name": "DIMM_C0A1", "LineName": "PLUG_DETECT_DIMM_C0A1", "ActiveLow": true, "Bias": "PULL_UP", "Inventory": "/system/chassis/motherboard/dimm_c0a1" },
{ "Name": "DIMM_C0A2", "LineName": "PLUG_DETECT_DIMM_C0A2", "ActiveLow": true, "Bias": "PULL_UP", "Inventory": "/system/chassis/motherboard/dimm_c0a2" },
{ "Name": "DIMM_C0B1", "LineName": "PLUG_DETECT_DIMM_C0B1", "ActiveLow": true, "Bias": "PULL_UP", "Inventory": "/system/chassis/motherboard/dimm_c0b1" },
{ "Name": "DIMM_C0B2", "LineName": "PLUG_DETECT_DIMM_C0B2", "ActiveLow": true, "Bias": "PULL_UP", "Inventory": "/system/chassis/motherboard/dimm_c0b2" },
{ "Name": "DIMM_C0C1", "LineName": "PLUG_DETECT_DIMM_C0C1", "ActiveLow": true, "Bias": "PULL_UP", "Inventory": "/system/chassis/motherboard/dimm_c0c1" },
{ "Name": "DIMM_C0C2", "LineName": "PLUG_DETECT_DIMM_C0C2", "ActiveLow": true, "Bias": "PULL_UP", "Inventory": "/system/chassis/motherboard/dimm_c0c2" },
{ "Name": "DIMM_C0D1", "LineName": "PLUG_DETECT_DIMM_C0D1", "ActiveLow": true, "Bias": "PULL_UP", "Inventory": "/system/chassis/motherboard/dimm_c0d1" },
{ "Name": "DIMM_C0D2", "LineName": "PLUG_DETECT_DIMM_C0D2", "ActiveLow": true, "Bias": "PULL_UP", "Inventory": "/system/chassis/motherboard/dimm_c0d2" },
{ "Name": "DIMM_C0E1", "LineName": "PLUG_DETECT_DIMM_C0E1", "ActiveLow": true, "Bias": "PULL_UP", "Inventory": "/system/chassis/motherboard/dimm_c0e1" },
{ "Name": "DIMM_C0E2", "LineName": "PLUG_DETECT_DIMM_C0E2", "ActiveLow": true, "Bias": "PULL_UP", "Inventory": "/system/chassis/motherboard/dimm_c0e2" },
{ "Name": "DIMM_C0F1", "LineName": "PLUG_DETECT_DIMM_C0F1", "ActiveLow": true, "Bias": "PULL_UP", "Inventory": "/system/chassis/motherboard/dimm_c0f1" },
{ "Name": "DIMM_C0F2", "LineName": "PLUG_DETECT_DIMM_C0F2", "ActiveLow": true, "Bias": "PULL_UP", "Inventory": "/system/chassis/motherboard/dimm_c0f2" },
{ "Name": "DIMM_C0G1", "LineName": "PLUG_DETECT_DIMM_C0G1", "ActiveLow": true, "Bias": "PULL_UP", "Inventory": "/system/chassis/motherboard/dimm_c0g1" },
{ "Name": "DIMM_C0G2", "LineName": "PLUG_DETECT_DIMM_C0G2", "ActiveLow": true, "Bias": "PULL_UP", "Inventory": "/system/chassis/motherboard/dimm_c0g2" },
{ "Name": "DIMM_C0H1", "LineName": "PLUG_DETECT_DIMM_C0H1", "ActiveLow": true, "Bias": "PULL_UP", "Inventory": "/system/chassis/motherboard/dimm_c0h1" },
{ "Name": "DIMM_C0H2", "LineName": "PLUG_DETECT_DIMM_C0H2", "ActiveLow": true, "Bias": "PULL_UP", "Inventory": "/system/chassis/motherboard/dimm_c0h2" },
{ "Name": "DIMM_C1A1", "LineName": "PLUG_DETECT_DIMM_C1A1", "ActiveLow": true, "Bias": "PULL_UP", "Inventory": "/system/chassis/motherboard/dimm_c1a1" },
{ "Name": "DIMM_C1A2", "LineName": "PLUG_DETECT_DIMM_C1A2", "ActiveLow": true, "Bias": "PULL_UP", "Inventory": "/system/chassis/motherboard/dimm_c1a2" },
{ "Name": "DIMM_C1B1", "LineName": "PLUG_DETECT_DIMM_C1B1", "ActiveLow": true, "Bias": "PULL_UP", "Inventory": "/system/chassis/motherboard/dimm_c1b1" },
{ "Name": "DIMM_C1B2", "LineName": "PLUG_DETECT_DIMM_C1B2", "ActiveLow": true, "Bias": "PULL_UP", "Inventory": "/system/chassis/motherboard/dimm_c1b2" },
{ "Name": "DIMM_C1C1", "LineName": "PLUG_DETECT_DIMM_C1C1", "ActiveLow": true, "Bias": "PULL_UP", "Inventory": "/system/chassis/motherboard/dimm_c1c1" },
{ "Name": "DIMM_C1C2", "LineName": "PLUG_DETECT_DIMM_C1C2", "ActiveLow": true, "Bias": "PULL_UP", "Inventory": "/system/chassis/motherboard/dimm_c1c2" },
{ "Name": "DIMM_C1D1", "LineName": "PLUG_DETECT_DIMM_C1D1", "ActiveLow": true, "Bias": "PULL_UP", "Inventory": "/system/chassis/motherboard/dimm_c1d1" },
{ "Name": "DIMM_C1D2", "LineName": "PLUG_DETECT_DIMM_C1D2", "ActiveLow": true, "Bias": "PULL_UP", "Inventory": "/system/chassis/motherboard/dimm_c1d2" },
{ "Name": "DIMM_C1E1", "LineName": "PLUG_DETECT_DIMM_C1E1", "ActiveLow": true, "Bias": "PULL_UP", "Inventory": "/system/chassis/motherboard/dimm_c1e1" },
{ "Name": "DIMM_C1E2", "LineName": "PLUG_DETECT_DIMM_C1E2", "ActiveLow": true, "Bias": "PULL_UP", "Inventory": "/system/chassis/motherboard/dimm_c1e2" },
{ "Name": "DIMM_C1F1", "LineName": "PLUG_DETECT_DIMM_C1F1", "ActiveLow": true, "Bias": "PULL_UP", "Inventory": "/system/chassis/motherboard/dimm_c1f1" },
{ "Name": "DIMM_C1F2", "LineName": "PLUG_DETECT_DIMM_C1F2", "ActiveLow": true, "Bias": "PULL_UP", "Inventory": "/system/chassis/motherboard/dimm_c1f2" },
{ "Name": "DIMM_C1G1", "LineName": "PLUG_DETECT_DIMM_C1G1", "ActiveLow": true, "Bias": "PULL_UP", "Inventory": "/system/chassis/motherboard/dimm_c1g1" },
{ "Name": "DIMM_C1G2", "LineName": "PLUG_DETECT_DIMM_C1G2", "ActiveLow": true, "Bias": "PULL_UP", "Inventory": "/system/chassis/motherboard/dimm_c1g2" },
{ "Name": "DIMM_C1H1", "LineName": "PLUG_DETECT_DIMM_C1H1", "ActiveLow": true, "Bias": "PULL_UP", "Inventory": "/system/chassis/motherboard/dimm_c1h1" },
{ "Name": "DIMM_C1H2", "LineName": "PLUG_DETECT_DIMM_C1H2", "ActiveLow": true, "Bias": "PULL_UP", "Inventory": "/system/chassis/motherboard/dimm_c1h2" },
{ "Name": "DIMM_C2A1", "LineName": "PLUG_DETECT_DIMM_C2A1", "ActiveLow": true, "Bias": "PULL_UP", "Inventory": "/system/chassis/motherboard/dimm_c2a1" },
{ "Name": "DIMM_C2A2", "LineName": "PLUG_DETECT_DIMM_C2A2", "ActiveLow": true, "Bias": "PULL_UP", "Inventory": "/system/chassis/motherboard/dimm_c2a2" },
{ "Name": "DIMM_C2B1", "LineName": "PLUG_DETECT_DIMM_C2B1", "ActiveLow": true, "Bias": "PULL_UP", "Inventory": "/system/chassis/motherboard/dimm_c2b1" },
{ "Name": "DIMM_C2B2", "LineName": "PLUG_DETECT_DIMM_C2B2", "ActiveLow": true, "Bias": "PULL_UP", "Inventory": "/system/chassis/motherboard/dimm_c2b2" },
{ "Name": "DIMM_C2C1", "LineName": "PLUG_DETECT_DIMM_C2C1", "ActiveLow": true, "Bias": "PULL_UP", "Inventory": "/system/chassis/motherboard/dimm_c2c1" },
{ "Name": "DIMM_C2C2", "LineName": "PLUG_DETECT_DIMM_C2C2", "ActiveLow": true, "Bias": "PULL_UP", "Inventory": "/system/chassis/motherboard/dimm_c2c2" },
{ "Name": "DIMM_C2D1", "LineName": "PLUG_DETECT_DIMM_C2D1", "ActiveLow": true, "Bias": "PULL_UP", "Inventory": "/system/chassis/motherboard/dimm_c2d1" },
{ "Name": "DIMM_C2D2", "LineName": "PLUG_DETECT_DIMM_C2D2", "ActiveLow": true, "Bias": "PULL_UP", "Inventory": "/system/chassis/motherboard/dimm_c2d2" },
{ "Name": "DIMM_C2E1", "LineName": "PLUG_DETECT_DIMM_C2E1", "ActiveLow": true, "Bias": "PULL_UP", "Inventory": "/system/chassis/motherboard/dimm_c2e1" },
{ "Name": "DIMM_C2E2", "LineName": "PLUG_DETECT_DIMM_C2E2", "ActiveLow": true, "Bias": "PULL_UP", "Inventory": "/system/chassis/motherboard/dimm_c2e2" },
{ "Name": "DIMM_C2F1", "LineName": "PLUG_DETECT_DIMM_C2F1", "ActiveLow": true, "Bias": "PULL_UP", "Inventory": "/system/chassis/motherboard/dimm_c2f1" },
{ "Name": "DIMM_C2F2", "LineName": "PLUG_DETECT_DIMM_C2F2", "ActiveLow": true, "Bias": "PULL_UP", "Inventory": "/system/chassis/motherboard/dimm_c2f2" },
{ "Name": "DIMM_C2G1", "LineName": "PLUG_DETECT_DIMM_C2G1", "ActiveLow": true, "Bias": "PULL_UP", "Inventory": "/system/chassis/motherboard/dimm_c2g1" },
{ "Name": "DIMM_C2G2", "LineName": "PLUG_DETECT_DIMM_C2G2", "ActiveLow": true, "Bias": "PULL_UP", "Inventory": "/system/chassis/motherboard/dimm_c2g2" },
{ "Name": "DIMM_C2H1", "LineName": "PLUG_DETECT_DIMM_C2H1", "ActiveLow": true, "Bias": "PULL_UP", "Inventory": "/system/chassis/motherboard/dimm_c2h1" },
{ "Name": "DIMM_C2H2", "LineName": "PLUG_DETECT_DIMM_C2H2", "ActiveLow": true, "Bias": "PULL_UP", "Inventory": "/system/chassis/motherboard/dimm_c2h2" },
{ "Name": "DIMM_C3A1", "LineName": "PLUG_DETECT_DIMM_C3A1", "ActiveLow": true, "Bias": "PULL_UP", "Inventory": "/system/chassis/motherboard/dimm_c3a1" },
{ "Name": "DIMM_C3A2", "LineName": "PLUG_DETECT_DIMM_C3A2", "ActiveLow": true, "Bias": "PULL_UP", "Inventory": "/system/chassis/motherboard/dimm_c3a2" },
{ "Name": "DIMM_C3B1", "LineName": "PLUG_DETECT_DIMM_C3B1", "ActiveLow": true, "Bias": "PULL_UP", "Inventory": "/system/chassis/motherboard/dimm_c3b1" },
{ "Name": "DIMM_C3B2", "LineName": "PLUG_DETECT_DIMM_C3B2", "ActiveLow": true, "Bias": "PULL_UP", "Inventory": "/system/chassis/motherboard/dimm_c3b2" },
{ "Name": "DIMM_C3C1", "LineName": "PLUG_DETECT_DIMM_C3C1", "ActiveLow": true, "Bias": "PULL_UP", "Inventory": "/system/chassis/motherboard/dimm_c3c1" },
{ "Name": "DIMM_C3C2", "LineName": "PLUG_DETECT_DIMM_C3C2", "ActiveLow": true, "Bias": "PULL_UP", "Inventory": "/system/chassis/motherboard/dimm_c3c2" },
{ "Name": "DIMM_C3D1", "LineName": "PLUG_DETECT_DIMM_C3D1", "ActiveLow": true, "Bias": "PULL_UP", "Inventory": "/system/chassis/motherboard/dimm_c3d1" },
{ "Name": "DIMM_C3D2", "LineName": "PLUG_DETECT_DIMM_C3D2", "ActiveLow": true, "Bias": "PULL_UP", "Inventory": "/system/chassis/motherboard/dimm_c3d2" },
{ "Name": "DIMM_C3E1", "LineName": "PLUG_DETECT_DIMM_C3E1", "ActiveLow": true, "Bias": "PULL_UP", "Inventory": "/system/chassis/motherboard/dimm_c3e1" },
{ "Name": "DIMM_C3E2", "LineName": "PLUG_DETECT_DIMM_C3E2", "ActiveLow": true, "Bias": "PULL_UP", "Inventory": "/system/chassis/motherboard/dimm_c3e2" },
{ "Name": "DIMM_C3F1", "LineName": "PLUG_DETECT_DIMM_C3F1", "ActiveLow": true, "Bias": "PULL_UP", "Inventory": "/system/chassis/motherboard/dimm_c3f1" },
{ "Name": "DIMM_C3F2", "LineName": "PLUG_DETECT_DIMM_C3F2", "ActiveLow": true, "Bias": "PULL_UP", "Inventory": "/system/chassis/motherboard/dimm_c3f2" },
{ "Name": "DIMM_C3G1", "LineName": "PLUG_DETECT_DIMM_C3G1", "ActiveLow": true, "Bias": "PULL_UP", "Inventory": "/system/chassis/motherboard/dimm_c3g1" },
{ "Name": "DIMM_C3G2", "LineName": "PLUG_DETECT_DIMM_C3G2", "ActiveLow": true, "Bias": "PULL_UP", "Inventory": "/system/chassis/motherboard/dimm_c3g2" },
{ "Name": "DIMM_C3H1", "LineName": "PLUG_DETECT_DIMM_C3H1", "ActiveLow": true, "Bias": "PULL_UP", "Inventory": "/system/chassis/motherboard/dimm_c3h1" },
{ "Name": "DIMM_C3H2", "LineName": "PLUG_DETECT_DIMM_C3H2", "ActiveLow": true, "Bias": "PULL_UP", "Inventory": "/system/chassis/motherboard/dimm_c3h2" },
{ "Name": "RSSD01", "LineName": "RSSD01_PRESENT_N", "ActiveLow": true, "Bias": "PULL_UP", "Inventory": "/system/chassis/motherboard/rssd01" },
{ "Name": "RSSD02", "LineName": "RSSD02_PRESENT_N", "ActiveLow": true, "Bias": "PULL_UP", "Inventory": "/system/chassis/motherboard/rssd02" },
{ "Name": "RSSD03", "LineName": "RSSD03_PRESENT_N", "ActiveLow": true, "Bias": "PULL_UP", "Inventory": "/system/chassis/motherboard/rssd03" },
{ "Name": "RSSD04", "LineName": "RSSD04_PRESENT_N", "ActiveLow": true, "Bias": "PULL_UP", "Inventory": "/system/chassis/motherboard/rssd04" },
{ "Name": "RSSD05", "LineName": "RSSD05_PRESENT_N", "ActiveLow": true, "Bias": "PULL_UP", "Inventory": "/system/chassis/motherboard/rssd05" },
{ "Name": "RSSD06", "LineName": "RSSD06_PRESENT_N", "ActiveLow": true, "Bias": "PULL_UP", "Inventory": "/system/chassis/motherboard/rssd06" },
{ "Name": "RSSD07", "LineName": "RSSD07_PRESENT_N", "ActiveLow": true, "Bias": "PULL_UP", "Inventory": "/system/chassis/motherboard/rssd07" },
{ "Name": "RSSD08", "LineName": "RSSD08_PRESENT_N", "ActiveLow": true, "Bias": "PULL_UP", "Inventory": "/system/chassis/motherboard/rssd08" },
{ "Name": "RSSD09", "LineName": "RSSD09_PRESENT_N", "ActiveLow": true, "Bias": "PULL_UP", "Inventory": "/system/chassis/motherboard/rssd09" },
{ "Name": "RSSD10", "LineName": "RSSD10_PRESENT_N", "ActiveLow": true, "Bias": "PULL_UP", "Inventory": "/system/chassis/motherboard/rssd10" },
{ "Name": "RSSD11", "LineName": "RSSD11_PRESENT_N", "ActiveLow": true, "Bias": "PULL_UP", "Inventory": "/system/chassis/motherboard/rssd11" },
{ "Name": "RSSD12", "LineName": "RSSD12_PRESENT_N", "ActiveLow": true, "Bias": "PULL_UP", "Inventory": "/system/chassis/motherboard/rssd12" },
{ "Name": "RSSD13", "LineName": "RSSD13_PRESENT_N", "ActiveLow": true, "Bias": "PULL_UP", "Inventory": "/system/chassis/motherboard/rssd13" },
{ "Name": "RSSD14", "LineName": "RSSD14_PRESENT_N", "ActiveLow": true, "Bias": "PULL_UP", "Inventory": "/system/chassis/motherboard/rssd14" },
{ "Name": "RSSD15", "LineName": "RSSD15_PRESENT_N", "ActiveLow": true, "Bias": "PULL_UP", "Inventory": "/system/chassis/motherboard/rssd15" },
{ "Name": "RSSD16", "LineName": "RSSD16_PRESENT_N", "ActiveLow": true, "Bias": "PULL_UP", "Inventory": "/system/chassis/motherboard/rssd16" },
{ "Name": "RSSD17", "LineName": "RSSD17_PRESENT_N", "ActiveLow": true, "Bias": "PULL_UP", "Inventory": "/system/chassis/motherboard/rssd17" },
{ "Name": "RSSD18", "LineName": "RSSD18_PRESENT_N", "ActiveLow": true, "Bias": "PULL_UP", "Inventory": "/system/chassis/motherboard/rssd18" },
{ "Name": "RSSD19", "LineName": "RSSD19_PRESENT_N", "ActiveLow": true, "Bias": "PULL_UP", "Inventory": "/system/chassis/motherboard/rssd19" },
{ "Name": "RSSD20", "LineName": "RSSD20_PRESENT_N", "ActiveLow": true, "Bias": "PULL_UP", "Inventory": "/system/chassis/motherboard/rssd20" },
{ "Name": "RSSD21", "LineName": "RSSD21_PRESENT_N", "ActiveLow": true, "Bias": "PULL_UP", "Inventory": "/system/chassis/motherboard/rssd21" },
{ "Name": "RSSD22", "LineName": "RSSD22_PRESENT_N", "ActiveLow": true, "Bias": "PULL_UP", "Inventory": "/system/chassis/motherboard/rssd22" },
{ "Name": "RSSD23", "LineName": "RSSD23_PRESENT_N", "ActiveLow": true, "Bias": "PULL_UP", "Inventory": "/system/chassis/motherboard/rssd23" },
{ "Name": "RSSD24", "LineName": "RSSD24_PRESENT_N", "ActiveLow": true, "Bias": "PULL_UP", "Inventory": "/system/chassis/motherboard/rssd24" },
{ "Name": "RSSD25", "LineName": "RSSD25_PRESENT_N", "ActiveLow": true, "Bias": "PULL_UP", "Inventory": "/system/chassis/motherboard/rssd25" },
{ "Name": "RSSD26", "LineName": "RSSD26_PRESENT_N", "ActiveLow": true, "Bias": "PULL_UP", "Inventory": "/system/chassis/motherboard/rssd26" },
{ "Name": "RSSD27", "LineName": "RSSD27_PRESENT_N", "ActiveLow": true, "Bias": "PULL_UP", "Inventory": "/system/chassis/motherboard/rssd27" },
{ "Name": "RSSD28", "LineName": "RSSD28_PRESENT_N", "ActiveLow": true, "Bias": "PULL_UP", "Inventory": "/system/chassis/motherboard/rssd28" },
{ "Name": "RSSD29", "LineName": "RSSD29_PRESENT_N", "ActiveLow": true, "Bias": "PULL_UP", "Inventory": "/system/chassis/motherboard/rssd29" },
{ "Name": "RSSD30", "LineName": "RSSD30_PRESENT_N", "ActiveLow": true, "Bias": "PULL_UP", "Inventory": "/system/chassis/motherboard/rssd30" },
{ "Name": "RSSD31", "LineName": "RSSD31_PRESENT_N", "ActiveLow": true, "Bias": "PULL_UP", "Inventory": "/system/chassis/motherboard/rssd31" },
{ "Name": "RSSD32", "LineName": "RSSD32_PRESENT_N", "ActiveLow": true, "Bias": "PULL_UP", "Inventory": "/system/chassis/motherboard/rssd32" },
{ "Name": "CPU0", "LineName": "FM_CPU0_SKTOCC_N", "ActiveLow": true, "Bias": "PULL_UP", "Inventory": "/system/chassis/motherboard/cpu0" },
{ "Name": "CPU1", "LineName": "FM_CPU1_SKTOCC_N", "ActiveLow": true, "Bias": "PULL_UP", "Inventory": "/system/chassis/motherboard/cpu1" },
{ "Name": "CPU2", "LineName": "FM_CPU2_SKTOCC_N", "ActiveLow": true, "Bias": "PULL_UP", "Inventory": "/system/chassis/motherboard/cpu2" },
{ "Name": "CPU3", "LineName": "FM_CPU3_SKTOCC_N", "ActiveLow": true, "Bias": "PULL_UP", "Inventory": "/system/chassis/motherboard/cpu3" }
]
