{
    "gpio_configs": {

        "power_config": {
            "power_good_in": "PGOOD",
            "power_up_outs": [
            ],
            "reset_outs": [
            ]
        }
    },

    "gpio_definitions": [
        {
            "name": "PGOOD",
            "pin": "V3",
            "direction": "in"
        },
        {
            "name": "POWER_BUTTON",
            "pin": "X6",
            "direction": "in"
        },
        {
            "name": "RESET_BUTTON",
            "pin": "F0",
            "direction": "in"
        }
    ]
}
