{"Channel0":{"CipherID0":"priv-admin","CipherID1":"priv-admin","CipherID10":"priv-admin","CipherID11":"priv-admin","CipherID12":"priv-admin","CipherID13":"priv-admin","CipherID14":"priv-admin","CipherID15":"priv-admin","CipherID2":"priv-admin","CipherID3":"priv-admin","CipherID4":"priv-admin","CipherID5":"priv-admin","CipherID6":"priv-admin","CipherID7":"priv-admin","CipherID8":"priv-admin","CipherID9":"priv-admin"},"Channel1":{"CipherID0":"priv-admin","CipherID1":"priv-admin","CipherID10":"priv-admin","CipherID11":"priv-admin","CipherID12":"priv-admin","CipherID13":"priv-admin","CipherID14":"priv-admin","CipherID15":"priv-admin","CipherID2":"priv-admin","CipherID3":"priv-admin","CipherID4":"priv-admin","CipherID5":"priv-admin","CipherID6":"priv-admin","CipherID7":"priv-admin","CipherID8":"priv-admin","CipherID9":"priv-admin"},"Channel10":{"CipherID0":"priv-admin","CipherID1":"priv-admin","CipherID10":"priv-admin","CipherID11":"priv-admin","CipherID12":"priv-admin","CipherID13":"priv-admin","CipherID14":"priv-admin","CipherID15":"priv-admin","CipherID2":"priv-admin","CipherID3":"priv-admin","CipherID4":"priv-admin","CipherID5":"priv-admin","CipherID6":"priv-admin","CipherID7":"priv-admin","CipherID8":"priv-admin","CipherID9":"priv-admin"},"Channel11":{"CipherID0":"priv-admin","CipherID1":"priv-admin","CipherID10":"priv-admin","CipherID11":"priv-admin","CipherID12":"priv-admin","CipherID13":"priv-admin","CipherID14":"priv-admin","CipherID15":"priv-admin","CipherID2":"priv-admin","CipherID3":"priv-admin","CipherID4":"priv-admin","CipherID5":"priv-admin","CipherID6":"priv-admin","CipherID7":"priv-admin","CipherID8":"priv-admin","CipherID9":"priv-admin"},"Channel12":{"CipherID0":"priv-admin","CipherID1":"priv-admin","CipherID10":"priv-admin","CipherID11":"priv-admin","CipherID12":"priv-admin","CipherID13":"priv-admin","CipherID14":"priv-admin","CipherID15":"priv-admin","CipherID2":"priv-admin","CipherID3":"priv-admin","CipherID4":"priv-admin","CipherID5":"priv-admin","CipherID6":"priv-admin","CipherID7":"priv-admin","CipherID8":"priv-admin","CipherID9":"priv-admin"},"Channel13":{"CipherID0":"priv-admin","CipherID1":"priv-admin","CipherID10":"priv-admin","CipherID11":"priv-admin","CipherID12":"priv-admin","CipherID13":"priv-admin","CipherID14":"priv-admin","CipherID15":"priv-admin","CipherID2":"priv-admin","CipherID3":"priv-admin","CipherID4":"priv-admin","CipherID5":"priv-admin","CipherID6":"priv-admin","CipherID7":"priv-admin","CipherID8":"priv-admin","CipherID9":"priv-admin"},"Channel14":{"CipherID0":"priv-admin","CipherID1":"priv-admin","CipherID10":"priv-admin","CipherID11":"priv-admin","CipherID12":"priv-admin","CipherID13":"priv-admin","CipherID14":"priv-admin","CipherID15":"priv-admin","CipherID2":"priv-admin","CipherID3":"priv-admin","CipherID4":"priv-admin","CipherID5":"priv-admin","CipherID6":"priv-admin","CipherID7":"priv-admin","CipherID8":"priv-admin","CipherID9":"priv-admin"},"Channel15":{"CipherID0":"priv-admin","CipherID1":"priv-admin","CipherID10":"priv-admin","CipherID11":"priv-admin","CipherID12":"priv-admin","CipherID13":"priv-admin","CipherID14":"priv-admin","CipherID15":"priv-admin","CipherID2":"priv-admin","CipherID3":"priv-admin","CipherID4":"priv-admin","CipherID5":"priv-admin","CipherID6":"priv-admin","CipherID7":"priv-admin","CipherID8":"priv-admin","CipherID9":"priv-admin"},"Channel2":{"CipherID0":"priv-admin","CipherID1":"priv-admin","CipherID10":"priv-admin","CipherID11":"priv-admin","CipherID12":"priv-admin","CipherID13":"priv-admin","CipherID14":"priv-admin","CipherID15":"priv-admin","CipherID2":"priv-admin","CipherID3":"priv-admin","CipherID4":"priv-admin","CipherID5":"priv-admin","CipherID6":"priv-admin","CipherID7":"priv-admin","CipherID8":"priv-admin","CipherID9":"priv-admin"},"Channel3":{"CipherID0":"priv-admin","CipherID1":"priv-admin","CipherID10":"priv-admin","CipherID11":"priv-admin","CipherID12":"priv-admin","CipherID13":"priv-admin","CipherID14":"priv-admin","CipherID15":"priv-admin","CipherID2":"priv-admin","CipherID3":"priv-admin","CipherID4":"priv-admin","CipherID5":"priv-admin","CipherID6":"priv-admin","CipherID7":"priv-admin","CipherID8":"priv-admin","CipherID9":"priv-admin"},"Channel4":{"CipherID0":"priv-admin","CipherID1":"priv-admin","CipherID10":"priv-admin","CipherID11":"priv-admin","CipherID12":"priv-admin","CipherID13":"priv-admin","CipherID14":"priv-admin","CipherID15":"priv-admin","CipherID2":"priv-admin","CipherID3":"priv-admin","CipherID4":"priv-admin","CipherID5":"priv-admin","CipherID6":"priv-admin","CipherID7":"priv-admin","CipherID8":"priv-admin","CipherID9":"priv-admin"},"Channel5":{"CipherID0":"priv-admin","CipherID1":"priv-admin","CipherID10":"priv-admin","CipherID11":"priv-admin","CipherID12":"priv-admin","CipherID13":"priv-admin","CipherID14":"priv-admin","CipherID15":"priv-admin","CipherID2":"priv-admin","CipherID3":"priv-admin","CipherID4":"priv-admin","CipherID5":"priv-admin","CipherID6":"priv-admin","CipherID7":"priv-admin","CipherID8":"priv-admin","CipherID9":"priv-admin"},"Channel6":{"CipherID0":"priv-admin","CipherID1":"priv-admin","CipherID10":"priv-admin","CipherID11":"priv-admin","CipherID12":"priv-admin","CipherID13":"priv-admin","CipherID14":"priv-admin","CipherID15":"priv-admin","CipherID2":"priv-admin","CipherID3":"priv-admin","CipherID4":"priv-admin","CipherID5":"priv-admin","CipherID6":"priv-admin","CipherID7":"priv-admin","CipherID8":"priv-admin","CipherID9":"priv-admin"},"Channel7":{"CipherID0":"priv-admin","CipherID1":"priv-admin","CipherID10":"priv-admin","CipherID11":"priv-admin","CipherID12":"priv-admin","CipherID13":"priv-admin","CipherID14":"priv-admin","CipherID15":"priv-admin","CipherID2":"priv-admin","CipherID3":"priv-admin","CipherID4":"priv-admin","CipherID5":"priv-admin","CipherID6":"priv-admin","CipherID7":"priv-admin","CipherID8":"priv-admin","CipherID9":"priv-admin"},"Channel8":{"CipherID0":"priv-admin","CipherID1":"priv-admin","CipherID10":"priv-admin","CipherID11":"priv-admin","CipherID12":"priv-admin","CipherID13":"priv-admin","CipherID14":"priv-admin","CipherID15":"priv-admin","CipherID2":"priv-admin","CipherID3":"priv-admin","CipherID4":"priv-admin","CipherID5":"priv-admin","CipherID6":"priv-admin","CipherID7":"priv-admin","CipherID8":"priv-admin","CipherID9":"priv-admin"},"Channel9":{"CipherID0":"priv-admin","CipherID1":"priv-admin","CipherID10":"priv-admin","CipherID11":"priv-admin","CipherID12":"priv-admin","CipherID13":"priv-admin","CipherID14":"priv-admin","CipherID15":"priv-admin","CipherID2":"priv-admin","CipherID3":"priv-admin","CipherID4":"priv-admin","CipherID5":"priv-admin","CipherID6":"priv-admin","CipherID7":"priv-admin","CipherID8":"priv-admin","CipherID9":"priv-admin"}}
