[
{ "Name": "PLUG_DETECT_DIMM_A0", "LineName": "PLUG_DETECT_DIMM_A0", "ActiveLow": true, "Bias": "DISABLE", "Inventory": "/system/chassis/motherboard/dimm_a0" },
{ "Name": "PLUG_DETECT_DIMM_A1", "LineName": "PLUG_DETECT_DIMM_A1", "ActiveLow": true, "Bias": "DISABLE", "Inventory": "/system/chassis/motherboard/dimm_a1" },
{ "Name": "PLUG_DETECT_DIMM_B0", "LineName": "PLUG_DETECT_DIMM_B0", "ActiveLow": true, "Bias": "DISABLE", "Inventory": "/system/chassis/motherboard/dimm_b0" },
{ "Name": "PLUG_DETECT_DIMM_B1", "LineName": "PLUG_DETECT_DIMM_B1", "ActiveLow": true, "Bias": "DISABLE", "Inventory": "/system/chassis/motherboard/dimm_b1" },
{ "Name": "PLUG_DETECT_DIMM_C0", "LineName": "PLUG_DETECT_DIMM_C0", "ActiveLow": true, "Bias": "DISABLE", "Inventory": "/system/chassis/motherboard/dimm_c0" },
{ "Name": "PLUG_DETECT_DIMM_C1", "LineName": "PLUG_DETECT_DIMM_C1", "ActiveLow": true, "Bias": "DISABLE", "Inventory": "/system/chassis/motherboard/dimm_c1" },
{ "Name": "PLUG_DETECT_DIMM_D0", "LineName": "PLUG_DETECT_DIMM_D0", "ActiveLow": true, "Bias": "DISABLE", "Inventory": "/system/chassis/motherboard/dimm_d0" },
{ "Name": "PLUG_DETECT_DIMM_D1", "LineName": "PLUG_DETECT_DIMM_D1", "ActiveLow": true, "Bias": "DISABLE", "Inventory": "/system/chassis/motherboard/dimm_d1" },
{ "Name": "PLUG_DETECT_DIMM_E0", "LineName": "PLUG_DETECT_DIMM_E0", "ActiveLow": true, "Bias": "DISABLE", "Inventory": "/system/chassis/motherboard/dimm_e0" },
{ "Name": "PLUG_DETECT_DIMM_E1", "LineName": "PLUG_DETECT_DIMM_E1", "ActiveLow": true, "Bias": "DISABLE", "Inventory": "/system/chassis/motherboard/dimm_e1" },
{ "Name": "PLUG_DETECT_DIMM_F0", "LineName": "PLUG_DETECT_DIMM_F0", "ActiveLow": true, "Bias": "DISABLE", "Inventory": "/system/chassis/motherboard/dimm_f0" },
{ "Name": "PLUG_DETECT_DIMM_F1", "LineName": "PLUG_DETECT_DIMM_F1", "ActiveLow": true, "Bias": "DISABLE", "Inventory": "/system/chassis/motherboard/dimm_f1" },
{ "Name": "PLUG_DETECT_DIMM_G0", "LineName": "PLUG_DETECT_DIMM_G0", "ActiveLow": true, "Bias": "DISABLE", "Inventory": "/system/chassis/motherboard/dimm_g0" },
{ "Name": "PLUG_DETECT_DIMM_G1", "LineName": "PLUG_DETECT_DIMM_G1", "ActiveLow": true, "Bias": "DISABLE", "Inventory": "/system/chassis/motherboard/dimm_g1" },
{ "Name": "PLUG_DETECT_DIMM_H0", "LineName": "PLUG_DETECT_DIMM_H0", "ActiveLow": true, "Bias": "DISABLE", "Inventory": "/system/chassis/motherboard/dimm_h0" },
{ "Name": "PLUG_DETECT_DIMM_H1", "LineName": "PLUG_DETECT_DIMM_H1", "ActiveLow": true, "Bias": "DISABLE", "Inventory": "/system/chassis/motherboard/dimm_h1" },
{ "Name": "PLUG_DETECT_DIMM_J0", "LineName": "PLUG_DETECT_DIMM_J0", "ActiveLow": true, "Bias": "DISABLE", "Inventory": "/system/chassis/motherboard/dimm_j0" },
{ "Name": "PLUG_DETECT_DIMM_J1", "LineName": "PLUG_DETECT_DIMM_J1", "ActiveLow": true, "Bias": "DISABLE", "Inventory": "/system/chassis/motherboard/dimm_j1" },
{ "Name": "PLUG_DETECT_DIMM_K0", "LineName": "PLUG_DETECT_DIMM_K0", "ActiveLow": true, "Bias": "DISABLE", "Inventory": "/system/chassis/motherboard/dimm_k0" },
{ "Name": "PLUG_DETECT_DIMM_K1", "LineName": "PLUG_DETECT_DIMM_K1", "ActiveLow": true, "Bias": "DISABLE", "Inventory": "/system/chassis/motherboard/dimm_k1" },
{ "Name": "PLUG_DETECT_DIMM_L0", "LineName": "PLUG_DETECT_DIMM_L0", "ActiveLow": true, "Bias": "DISABLE", "Inventory": "/system/chassis/motherboard/dimm_l0" },
{ "Name": "PLUG_DETECT_DIMM_L1", "LineName": "PLUG_DETECT_DIMM_L1", "ActiveLow": true, "Bias": "DISABLE", "Inventory": "/system/chassis/motherboard/dimm_l1" },
{ "Name": "PLUG_DETECT_DIMM_M0", "LineName": "PLUG_DETECT_DIMM_M0", "ActiveLow": true, "Bias": "DISABLE", "Inventory": "/system/chassis/motherboard/dimm_m0" },
{ "Name": "PLUG_DETECT_DIMM_M1", "LineName": "PLUG_DETECT_DIMM_M1", "ActiveLow": true, "Bias": "DISABLE", "Inventory": "/system/chassis/motherboard/dimm_m1" },
{ "Name": "PLUG_DETECT_DIMM_N0", "LineName": "PLUG_DETECT_DIMM_N0", "ActiveLow": true, "Bias": "DISABLE", "Inventory": "/system/chassis/motherboard/dimm_n0" },
{ "Name": "PLUG_DETECT_DIMM_N1", "LineName": "PLUG_DETECT_DIMM_N1", "ActiveLow": true, "Bias": "DISABLE", "Inventory": "/system/chassis/motherboard/dimm_n1" },
{ "Name": "PLUG_DETECT_DIMM_P0", "LineName": "PLUG_DETECT_DIMM_P0", "ActiveLow": true, "Bias": "DISABLE", "Inventory": "/system/chassis/motherboard/dimm_p0" },
{ "Name": "PLUG_DETECT_DIMM_P1", "LineName": "PLUG_DETECT_DIMM_P1", "ActiveLow": true, "Bias": "DISABLE", "Inventory": "/system/chassis/motherboard/dimm_p1" },
{ "Name": "PLUG_DETECT_DIMM_Q0", "LineName": "PLUG_DETECT_DIMM_Q0", "ActiveLow": true, "Bias": "DISABLE", "Inventory": "/system/chassis/motherboard/dimm_q0" },
{ "Name": "PLUG_DETECT_DIMM_Q1", "LineName": "PLUG_DETECT_DIMM_Q1", "ActiveLow": true, "Bias": "DISABLE", "Inventory": "/system/chassis/motherboard/dimm_q1" },
{ "Name": "PLUG_DETECT_DIMM_R0", "LineName": "PLUG_DETECT_DIMM_R0", "ActiveLow": true, "Bias": "DISABLE", "Inventory": "/system/chassis/motherboard/dimm_r0" },
{ "Name": "PLUG_DETECT_DIMM_R1", "LineName": "PLUG_DETECT_DIMM_R1", "ActiveLow": true, "Bias": "DISABLE", "Inventory": "/system/chassis/motherboard/dimm_r1" },
{ "Name": "PLUG_DETECT_DIMM_S0", "LineName": "PLUG_DETECT_DIMM_S0", "ActiveLow": true, "Bias": "DISABLE", "Inventory": "/system/chassis/motherboard/dimm_s0" },
{ "Name": "PLUG_DETECT_DIMM_S1", "LineName": "PLUG_DETECT_DIMM_S1", "ActiveLow": true, "Bias": "DISABLE", "Inventory": "/system/chassis/motherboard/dimm_s1" },
{ "Name": "PLUG_DETECT_DIMM_T0", "LineName": "PLUG_DETECT_DIMM_T0", "ActiveLow": true, "Bias": "DISABLE", "Inventory": "/system/chassis/motherboard/dimm_t0" },
{ "Name": "PLUG_DETECT_DIMM_T1", "LineName": "PLUG_DETECT_DIMM_T1", "ActiveLow": true, "Bias": "DISABLE", "Inventory": "/system/chassis/motherboard/dimm_t1" },
{ "Name": "PLUG_DETECT_DIMM_U0", "LineName": "PLUG_DETECT_DIMM_U0", "ActiveLow": true, "Bias": "DISABLE", "Inventory": "/system/chassis/motherboard/dimm_u0" },
{ "Name": "PLUG_DETECT_DIMM_U1", "LineName": "PLUG_DETECT_DIMM_U1", "ActiveLow": true, "Bias": "DISABLE", "Inventory": "/system/chassis/motherboard/dimm_u1" },
{ "Name": "PLUG_DETECT_DIMM_V0", "LineName": "PLUG_DETECT_DIMM_V0", "ActiveLow": true, "Bias": "DISABLE", "Inventory": "/system/chassis/motherboard/dimm_v0" },
{ "Name": "PLUG_DETECT_DIMM_V1", "LineName": "PLUG_DETECT_DIMM_V1", "ActiveLow": true, "Bias": "DISABLE", "Inventory": "/system/chassis/motherboard/dimm_v1" },
{ "Name": "PLUG_DETECT_DIMM_W0", "LineName": "PLUG_DETECT_DIMM_W0", "ActiveLow": true, "Bias": "DISABLE", "Inventory": "/system/chassis/motherboard/dimm_w0" },
{ "Name": "PLUG_DETECT_DIMM_W1", "LineName": "PLUG_DETECT_DIMM_W1", "ActiveLow": true, "Bias": "DISABLE", "Inventory": "/system/chassis/motherboard/dimm_w1" },
{ "Name": "PLUG_DETECT_DIMM_X0", "LineName": "PLUG_DETECT_DIMM_X0", "ActiveLow": true, "Bias": "DISABLE", "Inventory": "/system/chassis/motherboard/dimm_x0" },
{ "Name": "PLUG_DETECT_DIMM_X1", "LineName": "PLUG_DETECT_DIMM_X1", "ActiveLow": true, "Bias": "DISABLE", "Inventory": "/system/chassis/motherboard/dimm_x1" },
{ "Name": "PLUG_DETECT_DIMM_Y0", "LineName": "PLUG_DETECT_DIMM_Y0", "ActiveLow": true, "Bias": "DISABLE", "Inventory": "/system/chassis/motherboard/dimm_y0" },
{ "Name": "PLUG_DETECT_DIMM_Y1", "LineName": "PLUG_DETECT_DIMM_Y1", "ActiveLow": true, "Bias": "DISABLE", "Inventory": "/system/chassis/motherboard/dimm_y1" },
{ "Name": "PLUG_DETECT_DIMM_Z0", "LineName": "PLUG_DETECT_DIMM_Z0", "ActiveLow": true, "Bias": "DISABLE", "Inventory": "/system/chassis/motherboard/dimm_z0" },
{ "Name": "PLUG_DETECT_DIMM_Z1", "LineName": "PLUG_DETECT_DIMM_Z1", "ActiveLow": true, "Bias": "DISABLE", "Inventory": "/system/chassis/motherboard/dimm_z1" },
{ "Name": "RSSD01_PRESENT_N", "LineName": "RSSD01_PRESENT_N", "ActiveLow": true, "Bias": "PULL_UP", "Inventory": "/system/chassis/motherboard/rssd01" },
{ "Name": "RSSD02_PRESENT_N", "LineName": "RSSD02_PRESENT_N", "ActiveLow": true, "Bias": "PULL_UP", "Inventory": "/system/chassis/motherboard/rssd02" },
{ "Name": "RSSD03_PRESENT_N", "LineName": "RSSD03_PRESENT_N", "ActiveLow": true, "Bias": "PULL_UP", "Inventory": "/system/chassis/motherboard/rssd03" },
{ "Name": "RSSD04_PRESENT_N", "LineName": "RSSD04_PRESENT_N", "ActiveLow": true, "Bias": "PULL_UP", "Inventory": "/system/chassis/motherboard/rssd04" },
{ "Name": "RSSD05_PRESENT_N", "LineName": "RSSD05_PRESENT_N", "ActiveLow": true, "Bias": "PULL_UP", "Inventory": "/system/chassis/motherboard/rssd05" },
{ "Name": "RSSD06_PRESENT_N", "LineName": "RSSD06_PRESENT_N", "ActiveLow": true, "Bias": "PULL_UP", "Inventory": "/system/chassis/motherboard/rssd06" },
{ "Name": "RSSD07_PRESENT_N", "LineName": "RSSD07_PRESENT_N", "ActiveLow": true, "Bias": "PULL_UP", "Inventory": "/system/chassis/motherboard/rssd07" },
{ "Name": "RSSD08_PRESENT_N", "LineName": "RSSD08_PRESENT_N", "ActiveLow": true, "Bias": "PULL_UP", "Inventory": "/system/chassis/motherboard/rssd08" },
{ "Name": "RSSD09_PRESENT_N", "LineName": "RSSD09_PRESENT_N", "ActiveLow": true, "Bias": "PULL_UP", "Inventory": "/system/chassis/motherboard/rssd09" },
{ "Name": "RSSD10_PRESENT_N", "LineName": "RSSD10_PRESENT_N", "ActiveLow": true, "Bias": "PULL_UP", "Inventory": "/system/chassis/motherboard/rssd10" },
{ "Name": "RSSD11_PRESENT_N", "LineName": "RSSD11_PRESENT_N", "ActiveLow": true, "Bias": "PULL_UP", "Inventory": "/system/chassis/motherboard/rssd11" },
{ "Name": "RSSD12_PRESENT_N", "LineName": "RSSD12_PRESENT_N", "ActiveLow": true, "Bias": "PULL_UP", "Inventory": "/system/chassis/motherboard/rssd12" },
{ "Name": "RSSD13_PRESENT_N", "LineName": "RSSD13_PRESENT_N", "ActiveLow": true, "Bias": "PULL_UP", "Inventory": "/system/chassis/motherboard/rssd13" },
{ "Name": "RSSD14_PRESENT_N", "LineName": "RSSD14_PRESENT_N", "ActiveLow": true, "Bias": "PULL_UP", "Inventory": "/system/chassis/motherboard/rssd14" },
{ "Name": "RSSD15_PRESENT_N", "LineName": "RSSD15_PRESENT_N", "ActiveLow": true, "Bias": "PULL_UP", "Inventory": "/system/chassis/motherboard/rssd15" },
{ "Name": "RSSD16_PRESENT_N", "LineName": "RSSD16_PRESENT_N", "ActiveLow": true, "Bias": "PULL_UP", "Inventory": "/system/chassis/motherboard/rssd16" },
{ "Name": "RSSD17_PRESENT_N", "LineName": "RSSD17_PRESENT_N", "ActiveLow": true, "Bias": "PULL_UP", "Inventory": "/system/chassis/motherboard/rssd17" },
{ "Name": "RSSD18_PRESENT_N", "LineName": "RSSD18_PRESENT_N", "ActiveLow": true, "Bias": "PULL_UP", "Inventory": "/system/chassis/motherboard/rssd18" },
{ "Name": "RSSD19_PRESENT_N", "LineName": "RSSD19_PRESENT_N", "ActiveLow": true, "Bias": "PULL_UP", "Inventory": "/system/chassis/motherboard/rssd19" },
{ "Name": "RSSD20_PRESENT_N", "LineName": "RSSD20_PRESENT_N", "ActiveLow": true, "Bias": "PULL_UP", "Inventory": "/system/chassis/motherboard/rssd20" },
{ "Name": "RSSD21_PRESENT_N", "LineName": "RSSD21_PRESENT_N", "ActiveLow": true, "Bias": "PULL_UP", "Inventory": "/system/chassis/motherboard/rssd21" },
{ "Name": "RSSD22_PRESENT_N", "LineName": "RSSD22_PRESENT_N", "ActiveLow": true, "Bias": "PULL_UP", "Inventory": "/system/chassis/motherboard/rssd22" },
{ "Name": "RSSD23_PRESENT_N", "LineName": "RSSD23_PRESENT_N", "ActiveLow": true, "Bias": "PULL_UP", "Inventory": "/system/chassis/motherboard/rssd23" },
{ "Name": "RSSD24_PRESENT_N", "LineName": "RSSD24_PRESENT_N", "ActiveLow": true, "Bias": "PULL_UP", "Inventory": "/system/chassis/motherboard/rssd24" },
{ "Name": "RSSD25_PRESENT_N", "LineName": "RSSD25_PRESENT_N", "ActiveLow": true, "Bias": "PULL_UP", "Inventory": "/system/chassis/motherboard/rssd25" },
{ "Name": "RSSD26_PRESENT_N", "LineName": "RSSD26_PRESENT_N", "ActiveLow": true, "Bias": "PULL_UP", "Inventory": "/system/chassis/motherboard/rssd26" },
{ "Name": "RSSD27_PRESENT_N", "LineName": "RSSD27_PRESENT_N", "ActiveLow": true, "Bias": "PULL_UP", "Inventory": "/system/chassis/motherboard/rssd27" },
{ "Name": "RSSD28_PRESENT_N", "LineName": "RSSD28_PRESENT_N", "ActiveLow": true, "Bias": "PULL_UP", "Inventory": "/system/chassis/motherboard/rssd28" },
{ "Name": "RSSD29_PRESENT_N", "LineName": "RSSD29_PRESENT_N", "ActiveLow": true, "Bias": "PULL_UP", "Inventory": "/system/chassis/motherboard/rssd29" },
{ "Name": "RSSD30_PRESENT_N", "LineName": "RSSD30_PRESENT_N", "ActiveLow": true, "Bias": "PULL_UP", "Inventory": "/system/chassis/motherboard/rssd30" },
{ "Name": "RSSD31_PRESENT_N", "LineName": "RSSD31_PRESENT_N", "ActiveLow": true, "Bias": "PULL_UP", "Inventory": "/system/chassis/motherboard/rssd31" },
{ "Name": "RSSD32_PRESENT_N", "LineName": "RSSD32_PRESENT_N", "ActiveLow": true, "Bias": "PULL_UP", "Inventory": "/system/chassis/motherboard/rssd32" },
{ "Name": "FM_CPU0_SKTOCC_N", "LineName": "FM_CPU0_SKTOCC_N", "ActiveLow": true, "Bias": "DISABLE", "Inventory": "/system/chassis/motherboard/cpu0" },
{ "Name": "FM_CPU1_SKTOCC_N", "LineName": "FM_CPU1_SKTOCC_N", "ActiveLow": true, "Bias": "DISABLE", "Inventory": "/system/chassis/motherboard/cpu1" },
{ "Name": "FM_CPU2_SKTOCC_N", "LineName": "FM_CPU2_SKTOCC_N", "ActiveLow": true, "Bias": "DISABLE", "Inventory": "/system/chassis/motherboard/cpu2" },
{ "Name": "FM_CPU3_SKTOCC_N", "LineName": "FM_CPU3_SKTOCC_N", "ActiveLow": true, "Bias": "DISABLE", "Inventory": "/system/chassis/motherboard/cpu3" }
]
